web-scraper-order,web-scraper-start-url,price,product_name,image_1-src,image_2-src
"1678105878-16347","https://www.bikedekho.com/oben/oben-electric-bike/specifications","Rs.1.03 Lakh*","Oben Rorr","https://bd.gaadicdn.com/processedimages/oben/oben-electric-bike/204X134/oben-electric-bike62306eca07dd7.jpg?tr=h-140","https://bd.gaadicdn.com/processedimages/oben/oben-electric-bike/494X300/oben-electric-bike62de4afb8aeef.jpg?tr=w-274"
"1678105880-16348","https://www.bikedekho.com/tork/t6x/specifications","Rs.1.22 - 1.37 Lakh*","Tork Kratos","https://bd.gaadicdn.com/processedimages/tork/t6x/204X134/t6x6241a1bfa94ea.jpg?tr=h-140","https://bd.gaadicdn.com/processedimages/tork/t6x/640X309/t6x61f22e9acad1e.jpg?tr=w-274"
"1678105883-16349","https://www.bikedekho.com/ampere/magnus/specifications","Rs.81,900*","Ampere Magnus EX","https://bd.gaadicdn.com/processedimages/ampere/magnus/204X134/magnus616d0b0b9c787.jpg?tr=h-140","https://bd.gaadicdn.com/processedimages/ampere/magnus/640X309/magnus63fdfb54db1c0.jpg?tr=w-274"
"1678105885-16350","https://www.bikedekho.com/bounce/e-scooter/specifications","Rs.47,499 - 96,799*","Bounce Infinity E1","https://bd.gaadicdn.com/processedimages/bounce/e-scooter/204X134/e-scooter63f33752c9304.jpg?tr=h-140","https://bd.gaadicdn.com/processedimages/bounce/e-scooter/494X300/e-scooter61a8a3961e5c9.jpg?tr=w-274"
"1678105887-16351","https://www.bikedekho.com/hero-electric/optima/specifications","Rs.67,190 - 85,190*","Hero Electric Optima","https://bd.gaadicdn.com/processedimages/heroelectric/heroelectric-optima/204X134/heroelectric-optima624c2484b606a.jpg?tr=h-140","https://bd.gaadicdn.com/processedimages/heroelectric/heroelectric-optima/640X309/heroelectric-optima624c232a5566d.jpg?tr=w-274"
"1678105889-16352","https://www.bikedekho.com/river/river-electric-scooter/specifications","Rs.1.25 Lakh*","River Indie","https://bd.gaadicdn.com/processedimages/river/river-electric-scooter/204X134/river-electric-scooter63f5e73e5793d.jpg?tr=h-140","https://bd.gaadicdn.com/processedimages/river/river-electric-scooter/494X300/river-electric-scooter63f5fe670e020.jpg?tr=w-274"
"1678105892-16353","https://www.bikedekho.com/matter-ev/matter-electric-bike/specifications","Rs.1.44 - 1.54 Lakh*","Matter Aera","https://bd.gaadicdn.com/processedimages/matter-ev/matter-electric-bike/204X134/matter-electric-bike640037bddc811.jpg?tr=h-140","https://bd.gaadicdn.com/processedimages/matter-ev/matter-electric-bike/494X300/matter-electric-bike640039bf48d20.jpg?tr=w-274"
"1678105894-16354","https://www.bikedekho.com/ultraviolette/f77/specifications","Rs.3.80 - 5.50 Lakh*","Ultraviolette F77","https://bd.gaadicdn.com/processedimages/ultraviolette/f77/204X134/f7763d8b72147276.jpg?tr=h-140","https://bd.gaadicdn.com/processedimages/ultraviolette/f77/640X309/f77-std_white_cloud_1573638325.jpg?tr=w-274"
"1678105896-16355","https://www.bikedekho.com/simple-energy/simple-one/specifications","Rs.1.10 - 1.45 Lakh*","Simple One","https://bd.gaadicdn.com/processedimages/simple-energy/mark-2/204X134/mark-262de8556de363.png?tr=h-140","https://bd.gaadicdn.com/pwa/img/spacer3x2.png"
"1678105898-16356","https://www.bikedekho.com/bajaj/chetak/specifications","Rs.1.22 - 1.52 Lakh*","Bajaj Chetak","https://bd.gaadicdn.com/processedimages//204X134/640078bb5efa0.jpg?tr=h-140","https://bd.gaadicdn.com/pwa/img/spacer3x2.png"
"1678105901-16357","https://www.bikedekho.com/revolt/rv-400/specifications","Rs.1.25 Lakh*","Revolt RV400","https://bd.gaadicdn.com/processedimages/revolt-motors/rv-400/204X134/rv-400611a424cad9e9.jpg?tr=h-140","https://bd.gaadicdn.com/pwa/img/spacer3x2.png"
"1678105903-16358","https://www.bikedekho.com/ather-energy/450x/specifications","Rs.1.19 - 1.42 Lakh*","Ather 450X","https://bd.gaadicdn.com/processedimages/ather-energy/450x/204X134/450x63bbb0aef27aa.jpg?tr=h-140","https://bd.gaadicdn.com/pwa/img/spacer3x2.png"
"1678105905-16359","https://www.bikedekho.com/tvs/iqube-electric/specifications","Rs.1.61 - 1.61 Lakh*","TVS iQube Electric","https://bd.gaadicdn.com/processedimages/tvs/iqube-electric/204X134/iqube-electric6284cef6e6189.jpg?tr=h-140","https://bd.gaadicdn.com/pwa/img/spacer3x2.png"
"1678105907-16360","https://www.bikedekho.com/ola-electric/appscooter/specifications","Rs.1.33 Lakh*","Ola S1","https://bd.gaadicdn.com/processedimages/ola-electric/appscooter/204X134/appscooter62d90972334c6.jpg?tr=h-140","https://bd.gaadicdn.com/pwa/img/spacer3x2.png"
"1678105910-16361","https://www.bikedekho.com/vida/v1/specifications","Rs.1.28 - 1.39 Lakh*","Vida V1","https://bd.gaadicdn.com/processedimages/hero-electric/scooter/204X134/scooter633fddad1c64a.jpg?tr=h-140","https://bd.gaadicdn.com/pwa/img/spacer3x2.png"
"1678105912-16362","https://www.bikedekho.com/okinawa/oki90/specifications","Rs.1.86 Lakh*","Okinawa Okhi90","https://bd.gaadicdn.com/processedimages/okinawa/oki90/204X134/oki90623d45c44f0a1.jpg?tr=h-140","https://bd.gaadicdn.com/pwa/img/spacer3x2.png"
"1678105914-16363","https://www.bikedekho.com/avon/e-scoot/specifications","Rs.45,000*","Avon E Scoot","https://bd.gaadicdn.com/processedimages/avon/avon-e-scoot/204X134/v_e-scoot-std1529918240.jpg?tr=h-140","null"
"1678105916-16364","https://www.bikedekho.com/kabira-mobility/km-3000/specifications","Rs.1.23 Lakh*","Kabira Mobility KM 3000","https://bd.gaadicdn.com/processedimages/kabira-mobility/km-3000/204X134/km-3000606aa5f6c9106.jpg?tr=h-140","https://bd.gaadicdn.com/pwa/img/spacer3x2.png"
"1678105919-16365","https://www.bikedekho.com/avon/e-plus/specifications","Rs.25,000*","Avon E Plus","https://bd.gaadicdn.com/processedimages/avon/avon-e-plus/204X134/v_e-plus-018-eb1529918252.jpg?tr=h-140","null"
"1678105921-16366","https://www.bikedekho.com/hero-electric/photon/specifications","Rs.86,390*","Hero Electric Photon","https://bd.gaadicdn.com/processedimages/heroelectric/hero-electric-photon/204X134/hero-electric-photon5ebbba2dc5f67.jpg?tr=h-140","https://bd.gaadicdn.com/pwa/img/spacer3x2.png"
"1678105923-16367","https://www.bikedekho.com/pure-ev/ecodryft/specifications","Rs.1.15 Lakh*","PURE EV EcoDryft","https://bd.gaadicdn.com/processedimages/pure-ev/ecodryft/204X134/ecodryft639d43962d7e1.jpg?tr=h-140","https://bd.gaadicdn.com/pwa/img/spacer3x2.png"
"1678105925-16368","https://www.bikedekho.com/one-electric-motorcycles/kridn/specifications","Rs.1.35 Lakh*","One Electric Motorcycles Kridn","https://bd.gaadicdn.com/processedimages/one-electric-motorcycles/kridn/204X134/kridn60e2a2e487925.jpg?tr=h-140","https://bd.gaadicdn.com/pwa/img/spacer3x2.png"
"1678105928-16369","https://www.bikedekho.com/okinawa/r30/specifications","Rs.61,998*","Okinawa R30","https://bd.gaadicdn.com/processedimages/okinawa/r30/204X134/r305f437be56f88f.jpg?tr=h-140","https://bd.gaadicdn.com/pwa/img/spacer3x2.png"
"1678105930-16370","https://www.bikedekho.com/okinawa/i-praise/specifications","Rs.1.46 Lakh*","Okinawa iPraise+","https://bd.gaadicdn.com/processedimages/okinawa/i-praise/204X134/i-praise6315ceeec7774.jpg?tr=h-140","https://bd.gaadicdn.com/pwa/img/spacer3x2.png"
"1678105932-16371","https://www.bikedekho.com/hero-electric/nyx/specifications","Rs.73,590 - 86,540*","Hero Electric NYX","https://bd.gaadicdn.com/processedimages/heroelectric/heroelectric-nyx/204X134/heroelectric-nyx5ebbbae231327.jpg?tr=h-140","null"
"1678105935-16372","https://www.bikedekho.com/odysse-electric/evoqis/specifications","Rs.1.71 Lakh*","Odysse Electric Evoqis","https://bd.gaadicdn.com/processedimages/odysse-electric/evoqis/204X134/evoqis62de3060a3594.jpg?tr=h-140","https://bd.gaadicdn.com/pwa/img/spacer3x2.png"
"1678105937-16373","https://www.bikedekho.com/kinetic-green/zing/specifications","Rs.71,500 - 84,990*","Kinetic Green Zing","https://bd.gaadicdn.com/processedimages/kinetic-green/zing/204X134/zing63807af3bce13.jpg?tr=h-140","https://bd.gaadicdn.com/pwa/img/spacer3x2.png"
"1678105939-16374","https://www.bikedekho.com/ampere/primus/specifications","Rs.1.10 Lakh*","Ampere Primus","https://bd.gaadicdn.com/processedimages/ampere/primus/204X134/primus63fdf93a57212.jpg?tr=h-140","https://bd.gaadicdn.com/pwa/img/spacer3x2.png"
"1678105941-16375","https://www.bikedekho.com/kinetic-green/zoom/specifications","Rs.75,100 - 82,500*","Kinetic Green Zoom","https://bd.gaadicdn.com/processedimages/kinetic-green/zoom/204X134/zoom62359a69bc757.jpg?tr=h-140","https://bd.gaadicdn.com/pwa/img/spacer3x2.png"
"1678105944-16376","https://www.bikedekho.com/okinawa/praisepro/specifications","Rs.99,645*","Okinawa PraisePro","https://bd.gaadicdn.com/processedimages/okinawa/praisepro/204X134/praisepro604c5d82dc379.jpg?tr=h-140","https://bd.gaadicdn.com/pwa/img/spacer3x2.png"
"1678105946-16377","https://www.bikedekho.com/birla-e-bike/quanto/specifications","Rs.69,182 - 1.01 Lakh*","Birla Quanto","https://bd.gaadicdn.com/processedimages/birla-e-bike/quanto/204X134/quanto63086b11449ff.jpg?tr=h-140","https://bd.gaadicdn.com/pwa/img/spacer3x2.png"
"1678105948-16378","https://www.bikedekho.com/okaya/faast-f2t/specifications","Rs.84,999*","Okaya Faast F2T","https://bd.gaadicdn.com/processedimages/okaya/faast-f2t/204X134/faast-f2t63847514d8538.jpg?tr=h-140","https://bd.gaadicdn.com/pwa/img/spacer3x2.png"
"1678105951-16379","https://www.bikedekho.com/birla-e-bike/e-smart/specifications","Rs.71,780 - 1.04 Lakh*","Birla E-Smart","https://bd.gaadicdn.com/processedimages/birla-e-bike/e-smart/204X134/e-smart63086a88daca2.jpg?tr=h-140","https://bd.gaadicdn.com/pwa/img/spacer3x2.png"
"1678105954-16380","https://www.bikedekho.com/lohia/oma/specifications","Rs.41,444*","Lohia Oma Star","https://bd.gaadicdn.com/processedimages/lohia/lohia-oma/204X134/v_oma-std1530165630.jpg?tr=h-140","https://bd.gaadicdn.com/pwa/img/spacer3x2.png"
"1678105956-16381","https://www.bikedekho.com/evolet/dhanno/specifications","Rs.76,999*","Evolet Dhanno","https://bd.gaadicdn.com/processedimages/evolet/dhanno/204X134/dhanno6195d9ae0ea1c.jpg?tr=h-140","https://bd.gaadicdn.com/pwa/img/spacer3x2.png"
"1678105958-16382","https://www.bikedekho.com/komaki/flora/specifications","Rs.78,999*","Komaki Flora","https://bd.gaadicdn.com/processedimages/komaki/flora/204X134/flora637f6779bb395.jpg?tr=h-140","https://bd.gaadicdn.com/pwa/img/spacer3x2.png"
"1678105960-16383","https://www.bikedekho.com/deltic/drixx/specifications","Rs.58,490 - 84,990*","Deltic Drixx","https://bd.gaadicdn.com/processedimages/deltic/drixx/204X134/drixx63c7b4c4b6572.jpg?tr=h-140","https://bd.gaadicdn.com/pwa/img/spacer3x2.png"
"1678105962-16384","https://www.bikedekho.com/okinawa/dual/specifications","Rs.79,813*","Okinawa Dual 100","https://bd.gaadicdn.com/processedimages/okinawa/dual/204X134/dual600e89985c2ba.jpg?tr=h-140","https://bd.gaadicdn.com/pwa/img/spacer3x2.png"
"1678105965-16385","https://www.bikedekho.com/kabira-mobility/km-4000/specifications","Rs.1.37 Lakh*","Kabira Mobility KM 4000","https://bd.gaadicdn.com/processedimages/kabira-mobility/km-4000/204X134/km-4000606aa62e89291.jpg?tr=h-140","https://bd.gaadicdn.com/pwa/img/spacer3x2.png"
"1678105967-16386","https://www.bikedekho.com/komaki/xgtkm/specifications","Rs.42,500 - 93,045*","Komaki XGT KM","https://bd.gaadicdn.com/processedimages/komaki/xgtkm/204X134/xgtkm6390350f09125.jpg?tr=h-140","https://bd.gaadicdn.com/pwa/img/spacer3x2.png"
"1678105970-16387","https://www.bikedekho.com/rowwet/rame/specifications","Rs.1.15 Lakh*","Rowwet Rame","https://bd.gaadicdn.com/processedimages/rowwet/rame/204X134/rame62e8de603f0db.jpg?tr=h-140","https://bd.gaadicdn.com/pwa/img/spacer3x2.png"
"1678105972-16388","https://www.bikedekho.com/trinity-motors/mitra/specifications","Rs.73,999 - 79,999*","Trinity Motors Mitra","https://bd.gaadicdn.com/processedimages/trinity-motors/mitra/204X134/mitra634917aedbc4a.jpg?tr=h-140","null"
"1678105974-16389","https://www.bikedekho.com/rowwet/vegatron/specifications","Rs.1.25 Lakh*","Rowwet Vegatron","https://bd.gaadicdn.com/processedimages/rowwet/vegatron/204X134/vegatron62e8dec41f385.jpg?tr=h-140","https://bd.gaadicdn.com/pwa/img/spacer3x2.png"
"1678105976-16390","https://www.bikedekho.com/rowwet/zepop/specifications","Rs.61,770 - 78,500*","Rowwet Zepop","https://bd.gaadicdn.com/processedimages/rowwet/zepop/204X134/zepop62e8df315b7d4.jpg?tr=h-140","https://bd.gaadicdn.com/pwa/img/spacer3x2.png"
"1678105978-16391","https://www.bikedekho.com/lectrix-ev/lxs/specifications","Rs.74,999*","Lectrix EV Lectrix LXS","https://bd.gaadicdn.com/processedimages/lectrix-ev/lxs/204X134/lxs636a13b5805a6.jpg?tr=h-140","https://bd.gaadicdn.com/pwa/img/spacer3x2.png"
"1678105981-16392","https://www.bikedekho.com/aeroride/aero/specifications","Rs.61,445 - 79,445*","Aeroride Aero","https://bd.gaadicdn.com/processedimages/aeroride/aero/204X134/aero63c64bb5a7eaf.jpg?tr=h-140","null"
"1678105983-16393","https://www.bikedekho.com/benling-india/believe/specifications","Rs.97,520*","Benling Believe","https://bd.gaadicdn.com/processedimages/benling-india/believe/204X134/believe63c4e802381e8.jpg?tr=h-140","https://bd.gaadicdn.com/pwa/img/spacer3x2.png"
"1678105985-16394","https://www.bikedekho.com/birla-e-bike/ambition/specifications","Rs.73,817 - 1.08 Lakh*","Birla Ambition","https://bd.gaadicdn.com/processedimages/birla-e-bike/ambition/204X134/ambition63086ba0457d3.jpg?tr=h-140","https://bd.gaadicdn.com/pwa/img/spacer3x2.png"
"1678105988-16395","https://www.bikedekho.com/atumobile/atum-vadar/specifications","Rs.99,999*","Atumobile AtumVader","https://bd.gaadicdn.com/processedimages/atumobile/atum-vadar/204X134/atum-vadar62c51c040c58c.jpg?tr=h-140","https://bd.gaadicdn.com/pwa/img/spacer3x2.png"
"1678105990-16396","https://www.bikedekho.com/komaki/xgt-x4/specifications","Rs.1.02 - 1.24 Lakh*","Komaki XGT X4","https://bd.gaadicdn.com/processedimages/komaki/xgt-x4/204X134/xgt-x4638f428020e1d.jpg?tr=h-140","https://bd.gaadicdn.com/pwa/img/spacer3x2.png"
"1678105992-16397","https://www.bikedekho.com/tunwal/tem-g33/specifications","Rs.92,000*","Tunwal TEM G33","https://bd.gaadicdn.com/processedimages/tunwal/tem-g33/204X134/tem-g3362399f4020a8e.jpg?tr=h-140","https://bd.gaadicdn.com/pwa/img/spacer3x2.png"
"1678105994-16398","https://www.bikedekho.com/ivoomi/eco/specifications","Rs.71,999 - 81,999*","iVOOMi Eco","https://bd.gaadicdn.com/processedimages/ivoomi/eco/204X134/eco62e35ede050d7.jpg?tr=h-140","https://bd.gaadicdn.com/pwa/img/spacer3x2.png"
"1678105997-16399","https://www.bikedekho.com/trinity-motors/rafiki/specifications","Rs.69,999 - 76,999*","Trinity Motors Rafiki","https://bd.gaadicdn.com/processedimages/trinity-motors/rafiki/204X134/rafiki6349179c52f6f.jpg?tr=h-140","https://bd.gaadicdn.com/pwa/img/spacer3x2.png"
"1678105999-16400","https://www.bikedekho.com/wroley/wroley-platina/specifications","Rs.73,700*","Wroley Platina","https://bd.gaadicdn.com/processedimages/wroley/wroley-platina/204X134/wroley-platina6258fe36782fd.jpg?tr=h-140","https://bd.gaadicdn.com/pwa/img/spacer3x2.png"
"1678106001-16401","https://www.bikedekho.com/bgauss/d15/specifications","Rs.99,999 - 1.13 Lakh*","BGauss D15","https://bd.gaadicdn.com/processedimages/bgauss/d15-e-bike/204X134/d15-e-bike62820e331efde.jpg?tr=h-140","https://bd.gaadicdn.com/pwa/img/spacer3x2.png"
"1678106003-16402","https://www.bikedekho.com/evolet/polo-pony/specifications","Rs.57,999*","Evolet Pony","https://bd.gaadicdn.com/processedimages/evolet/polo-pony/204X134/v_polo-pony-classic1572854352.jpg?tr=h-140","https://bd.gaadicdn.com/pwa/img/spacer3x2.png"
"1678106006-16403","https://www.bikedekho.com/ola-electric/s1-air/specifications","Rs.84,999*","Ola S1 Air","https://bd.gaadicdn.com/pwa/img/no-bike-web.jpg","null"
"1678106008-16404","https://www.bikedekho.com/jitendra-ev/jet-320/specifications","Rs.73,480 - 77,060*","Jitendra JET 320","https://bd.gaadicdn.com/processedimages/jitendra-ev/jet-320/204X134/jet-32062bec133938bf.jpg?tr=h-140","https://bd.gaadicdn.com/pwa/img/spacer3x2.png"
"1678106010-16405","https://www.bikedekho.com/trinity-motors/rafiki-zl3/specifications","Rs.84,855 - 91,111*","Trinity Motors Rafiki ZL3","https://bd.gaadicdn.com/processedimages/trinity-motors/rafiki-zl3/204X134/rafiki-zl363491774b0bb4.jpg?tr=h-140","null"
"1678106012-16406","https://www.bikedekho.com/gemopai/miso/specifications","Rs.44,000*","Gemopai Miso","https://bd.gaadicdn.com/processedimages/gemopai/miso/204X134/miso5ef97d8dee1a6.jpg?tr=h-140","https://bd.gaadicdn.com/pwa/img/spacer3x2.png"
"1678106015-16407","https://www.bikedekho.com/tunwal/storm-zx-advance-1/specifications","Rs.1.15 Lakh*","Tunwal Storm ZX Advance 1","https://bd.gaadicdn.com/processedimages/tunwal/storm-zx-advance-1/204X134/storm-zx-advance-1616fce5e747a4.jpg?tr=h-140","https://bd.gaadicdn.com/pwa/img/spacer3x2.png"
"1678106017-16408","https://www.bikedekho.com/eveium/cosmo/specifications","Rs.1.44 Lakh*","EVeium COSMO","https://bd.gaadicdn.com/processedimages/eveium/cosmo/204X134/cosmo62d7d9c074d99.jpg?tr=h-140","https://bd.gaadicdn.com/pwa/img/spacer3x2.png"
"1678106020-16409","https://www.bikedekho.com/bgauss/b8/specifications","Rs.84,699 - 89,991*","BGauss B8","https://bd.gaadicdn.com/processedimages/bgauss/b8/204X134/b863a93f6ac0691.jpg?tr=h-140","https://bd.gaadicdn.com/pwa/img/spacer3x2.png"
"1678106022-16410","https://www.bikedekho.com/eveium/comet/specifications","Rs.1.92 Lakh*","EVeium COMET","https://bd.gaadicdn.com/processedimages/eveium/comet/204X134/comet62d7d9d846d10.jpg?tr=h-140","https://bd.gaadicdn.com/pwa/img/spacer3x2.png"
"1678106024-16411","https://www.bikedekho.com/trinity-motors/yaarii/specifications","Rs.69,999 - 76,999*","Trinity Motors Yaarii","https://bd.gaadicdn.com/processedimages/trinity-motors/yaarii/204X134/yaarii634917861f386.jpg?tr=h-140","https://bd.gaadicdn.com/pwa/img/spacer3x2.png"
"1678106027-16412","https://www.bikedekho.com/ozotec/flio/specifications","Rs.1.14 - 1.33 Lakh*","Ozotec Flio","https://bd.gaadicdn.com/processedimages/ozotec/flio/204X134/flio63f7568fa8018.jpg?tr=h-140","https://bd.gaadicdn.com/pwa/img/spacer3x2.png"
"1678106029-16413","https://www.bikedekho.com/joy-e/monster-bike/specifications","Rs.1.10 Lakh*","Joy e-bike Monster","https://bd.gaadicdn.com/processedimages/joye-bike/monster-bike/204X134/monster-bike5e99806c3a9b4.jpg?tr=h-140","https://bd.gaadicdn.com/pwa/img/spacer3x2.png"
"1678106031-16414","https://www.bikedekho.com/srivaru-motors/prana/specifications","Rs.2.25 - 3 Lakh*","Srivaru Motors Prana","https://bd.gaadicdn.com/processedimages/srivaru-motors/prana/204X134/prana623d65169b387.jpg?tr=h-140","https://bd.gaadicdn.com/pwa/img/spacer3x2.png"
"1678106033-16415","https://www.bikedekho.com/hayasa/ojas/specifications","Rs.80,550*","Hayasa Ojas","https://bd.gaadicdn.com/processedimages/hayasa/ojas/204X134/ojas62b94cf7dee55.jpg?tr=h-140","https://bd.gaadicdn.com/pwa/img/spacer3x2.png"
"1678106036-16416","https://www.bikedekho.com/tunwal/strom-zx/specifications","Rs.90,000*","Tunwal Storm ZX","https://bd.gaadicdn.com/processedimages/tunwal/strom-zx/204X134/strom-zx61711e5e295b1.jpg?tr=h-140","https://bd.gaadicdn.com/pwa/img/spacer3x2.png"
"1678106038-16417","https://www.bikedekho.com/fidato-evtech/21/specifications","Rs.89,199*","Fidato Evtech 21","https://bd.gaadicdn.com/processedimages/fidato-evtech/21/204X134/21622eff278ed9c.jpg?tr=h-140","https://bd.gaadicdn.com/pwa/img/spacer3x2.png"
"1678106040-16418","https://www.bikedekho.com/hayasa/ira/specifications","Rs.76,750*","Hayasa Ira","https://bd.gaadicdn.com/processedimages/hayasa/ira/204X134/ira62b94ea84ca56.jpg?tr=h-140","https://bd.gaadicdn.com/pwa/img/spacer3x2.png"
"1678106043-16419","https://www.bikedekho.com/tunwal/sport-63-48v/specifications","Rs.49,990*","Tunwal Sport 63 Mini","https://bd.gaadicdn.com/processedimages/tunwal/sport-63-48v/204X134/sport-63-48v61711e81da80c.jpg?tr=h-140","https://bd.gaadicdn.com/pwa/img/spacer3x2.png"
"1678106045-16420","https://www.bikedekho.com/etel-ev/easy-plus/specifications","Rs.46,999*","Detel EV Easy Plus","https://bd.gaadicdn.com/processedimages/etel-ev/easy-plus/204X134/easy-plus602b5fdfb4be9.jpg?tr=h-140","https://bd.gaadicdn.com/pwa/img/spacer3x2.png"
"1678106047-16421","https://www.bikedekho.com/hayasa/daksha/specifications","Rs.74,050*","Hayasa Daksha","https://bd.gaadicdn.com/processedimages/hayasa/daksha/204X134/daksha62b94f063ea1c.jpg?tr=h-140","https://bd.gaadicdn.com/pwa/img/spacer3x2.png"
"1678106050-16422","https://www.bikedekho.com/trinity-motors/friend/specifications","Rs.1.04 - 1.13 Lakh*","Trinity Motors Friend","https://bd.gaadicdn.com/processedimages/trinity-motors/friend/204X134/friend634917521ed11.jpg?tr=h-140","null"
"1678106052-16423","https://www.bikedekho.com/tunwal/mini-lithino-48v/specifications","Rs.54,990*","Tunwal Mini Lithino","https://bd.gaadicdn.com/processedimages/tunwal/mini-lithino-48v/204X134/mini-lithino-48v61711d6d69b22.jpg?tr=h-140","https://bd.gaadicdn.com/pwa/img/spacer3x2.png"
"1678106054-16424","https://www.bikedekho.com/gt-force/one-plus/specifications","Rs.68,982 - 86,970*","GT One Plus","https://bd.gaadicdn.com/processedimages/gt-force/one-plus/204X134/one-plus62b1a0392eef7.jpg?tr=h-140","https://bd.gaadicdn.com/pwa/img/spacer3x2.png"
"1678106056-16425","https://www.bikedekho.com/fidato-evtech/future-2020/specifications","Rs.70,300*","Fidato Evtech Future 2020","https://bd.gaadicdn.com/processedimages/fidato-evtech/future-2020/204X134/future-2020622ef55f14d4b.jpg?tr=h-140","https://bd.gaadicdn.com/pwa/img/spacer3x2.png"
"1678106059-16426","https://www.bikedekho.com/gt-force/flying/specifications","Rs.54,338 - 77,763*","GT Flying","https://bd.gaadicdn.com/processedimages/gt-force/flying/204X134/flying62b447f547621.jpg?tr=h-140","https://bd.gaadicdn.com/pwa/img/spacer3x2.png"
"1678106061-16427","https://www.bikedekho.com/birla-e-bike/a14/specifications","Rs.1.60 - 2.28 Lakh*","Birla A 1-4","https://bd.gaadicdn.com/processedimages/birla-e-bike/a14/204X134/a1463086752a6451.jpg?tr=h-140","https://bd.gaadicdn.com/pwa/img/spacer3x2.png"
"1678106064-16428","https://www.bikedekho.com/komaki/dt-3000/specifications","Rs.1.21 Lakh*","Komaki DT 3000","https://bd.gaadicdn.com/processedimages/komaki/dt-3000/204X134/dt-3000638f421d4069c.jpg?tr=h-140","https://bd.gaadicdn.com/pwa/img/spacer3x2.png"
"1678106066-16429","https://www.bikedekho.com/gt-force/prime/specifications","Rs.57,417 - 77,763*","GT Prime","https://bd.gaadicdn.com/processedimages/gt-force/prime/204X134/prime62b4429742bc4.jpg?tr=h-140","https://bd.gaadicdn.com/pwa/img/spacer3x2.png"
"1678106068-16430","https://www.bikedekho.com/amomobility/inspirer/specifications","Rs.57,626 - 86,626*","AMO Electric Inspirer","https://bd.gaadicdn.com/processedimages/amomobility/inspirer/204X134/inspirer6023702691bd6.jpg?tr=h-140","https://bd.gaadicdn.com/pwa/img/spacer3x2.png"
"1678106071-16431","https://www.bikedekho.com/nij-automotive/flion/specifications","Rs.57,788 - 76,763*","NIJ Automotive  Flion","https://bd.gaadicdn.com/processedimages/nij-automotive/flion/204X134/flion629d89355aad8.jpg?tr=h-140","https://bd.gaadicdn.com/pwa/img/spacer3x2.png"
"1678106073-16432","https://www.bikedekho.com/kabira-mobility/kollegio-plus/specifications","Rs.65,490*","Kabira Mobility Kollegio Plus","https://bd.gaadicdn.com/processedimages/kabira-mobility/kollegio-plus/204X134/kollegio-plus60596e95cc380.jpg?tr=h-140","https://bd.gaadicdn.com/pwa/img/spacer3x2.png"
"1678106076-16433","https://www.bikedekho.com/aeroride/espark/specifications","Rs.69,445 - 1.12 Lakh*","Aeroride E-Spark","https://bd.gaadicdn.com/processedimages/aeroride/espark/204X134/espark63c64b8ec3ab5.jpg?tr=h-140","null"
"1678106078-16434","https://www.bikedekho.com/amomobility/jaunty-plus/specifications","Rs.74,460*","AMO Electric Jaunty Plus","https://bd.gaadicdn.com/processedimages/amomobility/jaunty-plus/204X134/jaunty-plus6200e10258857.jpg?tr=h-140","https://bd.gaadicdn.com/pwa/img/spacer3x2.png"
"1678106081-16435","https://www.bikedekho.com/liions-elektrik-solutions/spock-electric-scooter/specifications","Rs.65,000*","Li-ions Elektrik Solutions Li-ions Spock Electric Scooter","https://bd.gaadicdn.com/processedimages/liions-elektrik-solutions/spock-electric-scooter/204X134/v_spock-electric-scooter-std1562063380.jpg?tr=h-140","https://bd.gaadicdn.com/pwa/img/spacer3x2.png"
"1678106083-16436","https://www.bikedekho.com/gt-force/gt-soul/specifications","Rs.52,861 - 75,350*","GT Soul","https://bd.gaadicdn.com/processedimages/gt-force/gt-soul/204X134/gt-soul62b43bfca810b.jpg?tr=h-140","https://bd.gaadicdn.com/pwa/img/spacer3x2.png"
"1678106085-16437","https://www.bikedekho.com/amomobility/jaunty/specifications","Rs.65,064 - 90,064*","AMO Electric Jaunty","https://bd.gaadicdn.com/processedimages/amomobility/jaunty/204X134/jaunty62d4fedc705bb.jpg?tr=h-140","https://bd.gaadicdn.com/pwa/img/spacer3x2.png"
"1678106088-16438","https://www.bikedekho.com/rowwet/trono/specifications","Rs.1.81 Lakh*","Rowwet Trono","https://bd.gaadicdn.com/processedimages/rowwet/trono/204X134/trono62e8deff69d6c.jpg?tr=h-140","https://bd.gaadicdn.com/pwa/img/spacer3x2.png"
"1678106090-16439","https://www.bikedekho.com/komaki/xgt-classic/specifications","Rs.1.11 Lakh*","Komaki XGT Classic","https://bd.gaadicdn.com/processedimages/komaki/xgt-classic/204X134/xgt-classic627b56b1351c1.jpg?tr=h-140","https://bd.gaadicdn.com/pwa/img/spacer3x2.png"
"1678106092-16440","https://www.bikedekho.com/thunderboltev/thunderbolt-ez/specifications","Rs.57,999*","Thunderbolt EZ","https://bd.gaadicdn.com/processedimages/thunderbolt/thunderbolt-ez/204X134/thunderbolt-ez63fefacb4e2d0.jpg?tr=h-140","https://bd.gaadicdn.com/pwa/img/spacer3x2.png"
"1678106095-16441","https://www.bikedekho.com/kabira-mobility/kollegio/specifications","Rs.45,990*","Kabira Mobility Kollegio","https://bd.gaadicdn.com/processedimages/kabira-mobility/kollegio/204X134/kollegio60596c5b0f571.jpg?tr=h-140","https://bd.gaadicdn.com/pwa/img/spacer3x2.png"
"1678106097-16442","https://www.bikedekho.com/raftaar/bumblebee/specifications","Rs.88,000*","Raftaar Bumblebee","https://bd.gaadicdn.com/processedimages/raftaar/bumblebee/204X134/bumblebee628b1db2eeef4.jpg?tr=h-140","https://bd.gaadicdn.com/pwa/img/spacer3x2.png"
"1678106099-16443","https://www.bikedekho.com/zelio/eeva/specifications","Rs.54,575 - 57,475*","Zelio Eeva","https://bd.gaadicdn.com/processedimages/zelio/eeva/204X134/eeva6219d35915ab8.jpg?tr=h-140","https://bd.gaadicdn.com/pwa/img/spacer3x2.png"
"1678106102-16444","https://www.bikedekho.com/poise-scooters/grace/specifications","Rs.87,542 - 93,465*","Poise Grace","https://bd.gaadicdn.com/processedimages/poise-scooters/grace/204X134/grace62e3af4a7725f.jpg?tr=h-140","https://bd.gaadicdn.com/pwa/img/spacer3x2.png"
"1678106104-16445","https://www.bikedekho.com/odysse-electric/racer/specifications","Rs.85,000*","Odysse Electric Racer","https://bd.gaadicdn.com/processedimages/odysse-electric/racer/204X134/racer6045c25b3d35d.jpg?tr=h-140","https://bd.gaadicdn.com/pwa/img/spacer3x2.png"
"1678106106-16446","https://www.bikedekho.com/nds-eco-motors/lio-plus/specifications","Rs.1.24 Lakh*","NDS ECO MOTORS Lio Plus","https://bd.gaadicdn.com/processedimages/nds-eco-motors/lio-plus/204X134/lio-plus5fe9879215ffd.jpg?tr=h-140","https://bd.gaadicdn.com/pwa/img/spacer3x2.png"
"1678106109-16447","https://www.bikedekho.com/numeros-motors/diplos/specifications","Rs.60,265 - 1.28 Lakh*","Numeros Motors Diplos","https://bd.gaadicdn.com/processedimages/numeros-motors/diplos/204X134/diplos63b673596e749.jpg?tr=h-140","https://bd.gaadicdn.com/pwa/img/spacer3x2.png"
"1678106111-16448","https://www.bikedekho.com/ivoomi/s1/specifications","Rs.84,999*","iVOOMi S1","https://bd.gaadicdn.com/processedimages/ivoomi/s1/204X134/s162e12ff48ca71.jpg?tr=h-140","https://bd.gaadicdn.com/pwa/img/spacer3x2.png"
"1678106113-16449","https://www.bikedekho.com/rowwet/eleq/specifications","Rs.1.16 Lakh*","Rowwet Eleq","https://bd.gaadicdn.com/processedimages/rowwet/eleq/204X134/eleq62e8de84df03f.jpg?tr=h-140","https://bd.gaadicdn.com/pwa/img/spacer3x2.png"
"1678106115-16450","https://www.bikedekho.com/velev-motors/vio/specifications","Rs.52,000*","Velev Motors VIO","https://bd.gaadicdn.com/processedimages/velev-motors/vio/204X134/vio6038925d85fb5.jpg?tr=h-140","https://bd.gaadicdn.com/pwa/img/spacer3x2.png"
"1678106118-16451","https://www.bikedekho.com/komaki/ly/specifications","Rs.95,866*","Komaki LY","https://bd.gaadicdn.com/processedimages/komaki/ly/204X134/ly638f423023e21.jpg?tr=h-140","https://bd.gaadicdn.com/pwa/img/spacer3x2.png"
"1678106120-16452","https://www.bikedekho.com/merico-electric/fashia/specifications","Rs.61,311*","Merico Fashia","https://bd.gaadicdn.com/processedimages/merico-electric/fashia/204X134/fashia5e5dd93d795da.jpg?tr=h-140","https://bd.gaadicdn.com/pwa/img/spacer3x2.png"
"1678106122-16453","https://www.bikedekho.com/benling-india/aura/specifications","Rs.94,296*","Benling Aura","https://bd.gaadicdn.com/processedimages/benling-india/aura/204X134/aura63c4e80e937b0.jpg?tr=h-140","https://bd.gaadicdn.com/pwa/img/spacer3x2.png"
"1678106125-16454","https://www.bikedekho.com/kabira-mobility/aetos-100/specifications","Rs.65,490*","Kabira Mobility Aetos 100","https://bd.gaadicdn.com/processedimages/kabira-mobility/aetos-100/204X134/aetos-10060587bf25d346.jpg?tr=h-140","https://bd.gaadicdn.com/pwa/img/spacer3x2.png"
"1678106127-16455","https://www.bikedekho.com/thunderboltev/thunderbolt-bee-plus/specifications","Rs.86,999*","Thunderbolt Bee Plus","https://bd.gaadicdn.com/processedimages/thunderbolt/thunderbolt-bee-plus/204X134/thunderbolt-bee-plus63fefb12e3b22.jpg?tr=h-140","https://bd.gaadicdn.com/pwa/img/spacer3x2.png"
"1678106129-16456","https://www.bikedekho.com/avon/e-mate/specifications","Rs.45,000*","Avon E Mate","https://bd.gaadicdn.com/processedimages/avon/avon-e-mate/204X134/v_e-mate-std1529918346.jpg?tr=h-140","null"
"1678106131-16457","https://www.bikedekho.com/eveium/czar/specifications","Rs.2.16 Lakh*","EVeium CZAR","https://bd.gaadicdn.com/processedimages/eveium/czar/204X134/czar62d7d9e5d35d5.jpg?tr=h-140","https://bd.gaadicdn.com/pwa/img/spacer3x2.png"
"1678106133-16458","https://www.bikedekho.com/deltic/trento/specifications","Rs.1.27 Lakh*","Deltic Trento","https://bd.gaadicdn.com/processedimages/deltic/trento/204X134/trento63c7b6090865f.jpg?tr=h-140","null"
"1678106136-16459","https://www.bikedekho.com/stella/buzz/specifications","Rs.95,000*","Stella Automobili BUZZ","https://bd.gaadicdn.com/processedimages/stella/buzz/204X134/buzz6391d7a0d74a2.jpg?tr=h-140","null"
"1678106138-16460","https://www.bikedekho.com/raftaar/galaxy/specifications","Rs.51,900*","Raftaar Galaxy","https://bd.gaadicdn.com/processedimages/raftaar/galaxy/204X134/galaxy628b23ed1f77b.jpg?tr=h-140","https://bd.gaadicdn.com/pwa/img/spacer3x2.png"
"1678106140-16461","https://www.bikedekho.com/tunwal/elektrika-60/specifications","Rs.65,040*","Tunwal Elektrika 60","https://bd.gaadicdn.com/processedimages/tunwal/elektrika-60/204X134/elektrika-6061711dde86a42.jpg?tr=h-140","https://bd.gaadicdn.com/pwa/img/spacer3x2.png"
"1678106142-16462","https://www.bikedekho.com/avon/e-star/specifications","Rs.60,000*","Avon E Star","https://bd.gaadicdn.com/processedimages/avon/e-star/204X134/v_e-star-std1529918580.jpg?tr=h-140","null"
"1678106145-16463","https://www.bikedekho.com/hayasa/nirbhar/specifications","Rs.65,550*","Hayasa Nirbhar","https://bd.gaadicdn.com/processedimages/hayasa/nirbhar/204X134/nirbhar62b94f6fd9b21.jpg?tr=h-140","https://bd.gaadicdn.com/pwa/img/spacer3x2.png"
"1678106147-16464","https://www.bikedekho.com/dao/model-703/specifications","Rs.99,999*","DAO 703","https://bd.gaadicdn.com/processedimages/dao/model-703/204X134/model-703619f5772998fb.jpg?tr=h-140","https://bd.gaadicdn.com/pwa/img/spacer3x2.png"
"1678106149-16465","https://www.bikedekho.com/rbseva/legend/specifications","Rs.77,230*","RBSeVA Legend","https://bd.gaadicdn.com/processedimages/rbseva/legend/204X134/legend61ee43d868595.jpg?tr=h-140","https://bd.gaadicdn.com/pwa/img/spacer3x2.png"
"1678106151-16466","https://www.bikedekho.com/shema-e-vehicle/tuff/specifications","Rs.70,500*","Shema Tuff","https://bd.gaadicdn.com/processedimages/shema-e-vehicle/tuff/204X134/tuff62b2c008e1ef5.jpg?tr=h-140","https://bd.gaadicdn.com/pwa/img/spacer3x2.png"
"1678106154-16467","https://www.bikedekho.com/birla-e-bike/dms/specifications","Rs.1.63 - 2.31 Lakh*","Birla DMS","https://bd.gaadicdn.com/processedimages/birla-e-bike/dms/204X134/dms63086996f32c3.jpg?tr=h-140","https://bd.gaadicdn.com/pwa/img/spacer3x2.png"
"1678106156-16468","https://www.bikedekho.com/trinity-motors/sathi/specifications","Rs.85,999 - 93,999*","Trinity Motors Saathi","https://bd.gaadicdn.com/processedimages/trinity-motors/sathi/204X134/sathi634917c1862d9.jpg?tr=h-140","null"
"1678106158-16469","https://www.bikedekho.com/shema-e-vehicle/shema-fly/specifications","Rs.61,000*","Shema Fly","https://bd.gaadicdn.com/processedimages/shema-e-vehicle/shema-fly/204X134/shema-fly62b2b89ce16e4.jpg?tr=h-140","https://bd.gaadicdn.com/pwa/img/spacer3x2.png"
"1678106161-16470","https://www.bikedekho.com/dao/zor-405/specifications","Rs.77,349*","DAO Zor 405","https://bd.gaadicdn.com/processedimages/dao/zor-405/204X134/zor-40561b8837147e63.jpg?tr=h-140","null"
"1678106163-16471","https://www.bikedekho.com/igowise-mobility/beigo-x4/specifications","Rs.1.10 Lakh*","iGowise Mobility iGowise BeiGo X4","https://bd.gaadicdn.com/processedimages/igowise-mobility/beigo-x4/204X134/beigo-x463d108e745234.jpg?tr=h-140","https://bd.gaadicdn.com/pwa/img/spacer3x2.png"
"1678106165-16472","https://www.bikedekho.com/m2go/x-1/specifications","Rs.1.11 Lakh*","M2GO X1","https://bd.gaadicdn.com/processedimages/m2go/x-1/204X134/x-15e5de8b524b4e.jpg?tr=h-140","https://bd.gaadicdn.com/pwa/img/spacer3x2.png"
"1678106168-16473","https://www.bikedekho.com/odysse-electric/e2go/specifications","Rs.59,750 - 71,100*","Odysse Electric E2Go","https://bd.gaadicdn.com/processedimages/odysse-electric/e2go/204X134/e2go5ffeab73d8e2b.jpg?tr=h-140","https://bd.gaadicdn.com/pwa/img/spacer3x2.png"
"1678106170-16474","https://www.bikedekho.com/gt-force/gt-one/specifications","Rs.62,850 - 85,945*","GT One","https://bd.gaadicdn.com/processedimages/gt-force/gt-one/204X134/gt-one62b4447b239aa.jpg?tr=h-140","https://bd.gaadicdn.com/pwa/img/spacer3x2.png"
"1678106172-16475","https://www.bikedekho.com/joy-e/wolf/specifications","Rs.79,900*","Joy e-bike Wolf","https://bd.gaadicdn.com/processedimages/joye-bike/wlof/204X134/wlof5e9a7854e9372.jpg?tr=h-140","https://bd.gaadicdn.com/pwa/img/spacer3x2.png"
"1678106175-16476","https://www.bikedekho.com/benling-india/kriti/specifications","Rs.64,151*","Benling Kriti","https://bd.gaadicdn.com/processedimages/benling-india/kriti/204X134/kriti63c4e830e4218.jpg?tr=h-140","https://bd.gaadicdn.com/pwa/img/spacer3x2.png"
"1678106177-16477","https://www.bikedekho.com/okaya/faast-f2b/specifications","Rs.91,999*","Okaya Faast F2B","https://bd.gaadicdn.com/processedimages/okaya/faast-f2b/204X134/faast-f2b633a86247c32c.jpg?tr=h-140","https://bd.gaadicdn.com/pwa/img/spacer3x2.png"
"1678106179-16478","https://www.bikedekho.com/kabira-mobility/intercity-aeolus/specifications","Rs.71,490*","Kabira Mobility Intercity Aeolus","https://bd.gaadicdn.com/processedimages/kabira-mobility/intercity-aeolus/204X134/intercity-aeolus60587d39d1216.jpg?tr=h-140","https://bd.gaadicdn.com/pwa/img/spacer3x2.png"
"1678106182-16479","https://www.bikedekho.com/ujaas-energy/ego/specifications","Rs.34,880 - 39,880*","Ujaas eGo LA","https://bd.gaadicdn.com/processedimages/ujaas-energy/ego/204X134/ego5e5dd76eb9838.jpg?tr=h-140","https://bd.gaadicdn.com/pwa/img/spacer3x2.png"
"1678106184-16480","https://www.bikedekho.com/rbseva/rider-new/specifications","Rs.70,750*","RBSeVA Rider New","https://bd.gaadicdn.com/processedimages/rbseva/rider-new/204X134/rider-new61ee3db90daaa.jpg?tr=h-140","https://bd.gaadicdn.com/pwa/img/spacer3x2.png"
"1678106186-16481","https://www.bikedekho.com/fidato-evtech/eaasygo-plus/specifications","Rs.95,605*","Fidato Evtech EasyGo Plus","https://bd.gaadicdn.com/processedimages/fidato-evtech/eaasygo-plus/204X134/eaasygo-plus622efcac1f954.jpg?tr=h-140","https://bd.gaadicdn.com/pwa/img/spacer3x2.png"
"1678106188-16482","https://www.bikedekho.com/shema-e-vehicle/shema-zoom/specifications","Rs.67,000*","Shema Zoom","https://bd.gaadicdn.com/processedimages/shema-e-vehicle/shema-zoom/204X134/shema-zoom62b2cf67eef02.jpg?tr=h-140","https://bd.gaadicdn.com/pwa/img/spacer3x2.png"
"1678106190-16483","https://www.bikedekho.com/eeve/atreo/specifications","Rs.68,999*","EeVe Atreo","https://bd.gaadicdn.com/processedimages/eeve/atreo/204X134/atreo63047e7ba556a.jpg?tr=h-140","https://bd.gaadicdn.com/pwa/img/spacer3x2.png"
"1678106193-16484","https://www.bikedekho.com/eeve/ahava/specifications","Rs.62,499*","EeVe Ahava","https://bd.gaadicdn.com/processedimages/eeve/ahava/204X134/ahava63047e85ed81b.jpg?tr=h-140","https://bd.gaadicdn.com/pwa/img/spacer3x2.png"
"1678106195-16485","https://www.bikedekho.com/stella/sa2000/specifications","Rs.86,000 - 94,000*","Stella Automobili SA 2000","https://bd.gaadicdn.com/processedimages/stella/sa2000/204X134/sa20005fb61403e93b4.jpg?tr=h-140","https://bd.gaadicdn.com/pwa/img/spacer3x2.png"
"1678106197-16486","https://www.bikedekho.com/birla-e-bike/dmg/specifications","Rs.2.37 - 3.05 Lakh*","Birla DMG","https://bd.gaadicdn.com/processedimages/birla-e-bike/dmg/204X134/dmg630869537e7ff.jpg?tr=h-140","https://bd.gaadicdn.com/pwa/img/spacer3x2.png"
"1678106199-16487","https://www.bikedekho.com/velev-motors/vev-01/specifications","Rs.32,500*","Velev Motors VEV 01","https://bd.gaadicdn.com/processedimages/velev-motors/vev-01/204X134/vev-0160388b85a1dfb.jpg?tr=h-140","https://bd.gaadicdn.com/pwa/img/spacer3x2.png"
"1678106202-16488","https://www.bikedekho.com/super-eco/t1/specifications","Rs.56,772*","SUPER ECO Super Eco T1","https://bd.gaadicdn.com/processedimages/super-eco/t1/204X134/v_t1-std1566305292.jpg?tr=h-140","https://bd.gaadicdn.com/pwa/img/spacer3x2.png"
"1678106204-16489","https://www.bikedekho.com/omega-seiki-mobility/sharq/specifications","Rs.75,600*","Omega Seiki Mobility Omega Sharq","https://bd.gaadicdn.com/processedimages/omega-seiki-mobility/sharq/204X134/sharq63e4e18303bf1.jpg?tr=h-140","https://bd.gaadicdn.com/pwa/img/spacer3x2.png"
"1678106206-16490","https://www.bikedekho.com/one-moto/commuta/specifications","Rs.1.30 Lakh*","One Moto Commuta","https://bd.gaadicdn.com/processedimages/one-moto/commuta/204X134/commuta61c9ac9973b81.jpg?tr=h-140","https://bd.gaadicdn.com/pwa/img/spacer3x2.png"
"1678106209-16491","https://www.bikedekho.com/shema-e-vehicle/shema-eagle/specifications","Rs.71,000 - 1.02 Lakh*","Shema Eagle","https://bd.gaadicdn.com/processedimages/shema-e-vehicle/shema-eagle/204X134/shema-eagle62b2cdabb9100.jpg?tr=h-140","https://bd.gaadicdn.com/pwa/img/spacer3x2.png"
"1678106211-16492","https://www.bikedekho.com/birla-e-bike/jf/specifications","Rs.1.63 - 2.31 Lakh*","Birla JF","https://bd.gaadicdn.com/processedimages/birla-e-bike/jf/204X134/jf630869dfe18f7.jpg?tr=h-140","https://bd.gaadicdn.com/pwa/img/spacer3x2.png"
"1678106213-16493","https://www.bikedekho.com/earth-energy-ev/evolve-z/specifications","Rs.1.30 Lakh*","Earth Energy EV Evolve Z","https://bd.gaadicdn.com/processedimages/earth-energy-ev/evolve-z/204X134/evolve-z601a68c1e534b.jpg?tr=h-140","https://bd.gaadicdn.com/pwa/img/spacer3x2.png"
"1678106215-16494","https://www.bikedekho.com/cyborg/bob-e/specifications","Rs.94,999*","Cyborg Bob-e","https://bd.gaadicdn.com/processedimages/cyborg/bob-e/204X134/bob-e61efa1d50ce75.jpg?tr=h-140","https://bd.gaadicdn.com/pwa/img/spacer3x2.png"
"1678106218-16495","https://www.bikedekho.com/hero-electric/atria/specifications","Rs.77,690*","Hero Electric Atria","https://bd.gaadicdn.com/processedimages/hero-electric/atria/204X134/atria60ee6fd261c94.jpg?tr=h-140","https://bd.gaadicdn.com/pwa/img/spacer3x2.png"
"1678106220-16496","https://www.bikedekho.com/jitendra-ev/jmt-1000/specifications","Rs.84,417*","Jitendra JMT 1000 3K","https://bd.gaadicdn.com/processedimages/jitendra-ev/jmt-1000/204X134/jmt-100062bec102d3c46.jpg?tr=h-140","https://bd.gaadicdn.com/pwa/img/spacer3x2.png"
"1678106222-16497","https://www.bikedekho.com/crayon-motors/zeez/specifications","Rs.48,000 - 58,000*","Crayon Zeez","https://bd.gaadicdn.com/processedimages/crayon-motors/zeez/204X134/v_zeez-lithium-ion1574403728.jpg?tr=h-140","null"
"1678106224-16498","https://www.bikedekho.com/prevail-electric/elite/specifications","Rs.1.30 Lakh*","Prevail Electric Elite","https://bd.gaadicdn.com/processedimages/prevail-electric/elite/204X134/elite60dd7b27c861e.jpg?tr=h-140","null"
"1678106227-16499","https://www.bikedekho.com/birla-e-bike/birla-xl/specifications","Rs.1.52 Lakh*","Birla XL","https://bd.gaadicdn.com/processedimages/birla-e-bike/birla-xl/204X134/birla-xl63086a6326217.jpg?tr=h-140","https://bd.gaadicdn.com/pwa/img/spacer3x2.png"
"1678106229-16500","https://www.bikedekho.com/battre-electric-mobility/gpsie/specifications","Rs.73,900*","BattRE Electric gps:ie","https://bd.gaadicdn.com/processedimages/battre-electric-mobility/gpsie/204X134/gpsie603e2815563b3.jpg?tr=h-140","https://bd.gaadicdn.com/pwa/img/spacer3x2.png"
"1678106231-16501","https://www.bikedekho.com/benling-india/falcon/specifications","Rs.69,540*","Benling Falcon","https://bd.gaadicdn.com/processedimages/benling-india/falcon/204X134/falcon63c4e81ab877d.jpg?tr=h-140","https://bd.gaadicdn.com/pwa/img/spacer3x2.png"
"1678106233-16502","https://www.bikedekho.com/ujaas-energy/ego-li/specifications","Rs.50,880 - 53,880*","Ujaas eGo Li","https://bd.gaadicdn.com/processedimages/ujaas-energy/ego-li/204X134/ego-li5e5dd79259f3d.jpg?tr=h-140","https://bd.gaadicdn.com/pwa/img/spacer3x2.png"
"1678106236-16503","https://www.bikedekho.com/gt-force/drive-plus/specifications","Rs.1.03 Lakh*","GT Drive Plus","https://bd.gaadicdn.com/processedimages/gt-force/drive-plus/204X134/drive-plus62b1a9e0ec8b8.jpg?tr=h-140","https://bd.gaadicdn.com/pwa/img/spacer3x2.png"
"1678106238-16504","https://www.bikedekho.com/battre-electric-mobility/storie/specifications","Rs.89,600*","BattRE Electric Storie","https://bd.gaadicdn.com/processedimages/battre-electric-mobility/storie/204X134/storie62a2db30c1edf.jpg?tr=h-140","https://bd.gaadicdn.com/pwa/img/spacer3x2.png"
"1678106240-16505","https://www.bikedekho.com/gemopai/ryder/specifications","Rs.60,000 - 84,302*","Gemopai Ryder","https://bd.gaadicdn.com/processedimages/gemopai/ryder/204X134/ryder63982528b9f18.jpg?tr=h-140","https://bd.gaadicdn.com/pwa/img/spacer3x2.png"
"1678106242-16506","https://www.bikedekho.com/viertric/mist/specifications","Rs.72,000*","Viertric Mist","https://bd.gaadicdn.com/processedimages/viertric/mist/204X134/mist61289045b354c.jpg?tr=h-140","https://bd.gaadicdn.com/pwa/img/spacer3x2.png"
"1678106245-16507","https://www.bikedekho.com/okaya/faast-f2f/specifications","Rs.83,999*","Okaya Faast F2F","https://bd.gaadicdn.com/processedimages/okaya/faast-f2f/204X134/faast-f2f63f49302350aa.jpg?tr=h-140","https://bd.gaadicdn.com/pwa/img/spacer3x2.png"
"1678106247-16508","https://www.bikedekho.com/birla-e-bike/electro/specifications","Rs.76,109 - 1.10 Lakh*","Birla Electro","https://bd.gaadicdn.com/processedimages/birla-e-bike/electro/204X134/electro63086aca61d97.jpg?tr=h-140","https://bd.gaadicdn.com/pwa/img/spacer3x2.png"
"1678106250-16509","https://www.bikedekho.com/birla-e-bike/v6/specifications","Rs.1.60 - 2.28 Lakh*","Birla V6","https://bd.gaadicdn.com/processedimages/birla-e-bike/v6/204X134/v663086a284ca5c.jpg?tr=h-140","https://bd.gaadicdn.com/pwa/img/spacer3x2.png"
"1678106252-16510","https://www.bikedekho.com/komaki/xgt-cat-2/specifications","Rs.96,207 - 1.02 Lakh*","Komaki XGT CAT 2.0","https://bd.gaadicdn.com/processedimages/komaki/xgt-cat-2/204X134/xgt-cat-2638f424fc5422.jpg?tr=h-140","https://bd.gaadicdn.com/pwa/img/spacer3x2.png"
"1678106254-16511","https://www.bikedekho.com/deltic/legion/specifications","Rs.62,490 - 88,990*","Deltic Legion","https://bd.gaadicdn.com/processedimages/deltic/legion/204X134/legion63c7b5ee2d82b.jpg?tr=h-140","null"
"1678106257-16512","https://www.bikedekho.com/thunderboltev/thunderbolt-electra/specifications","Rs.79,999*","Thunderbolt Electra","https://bd.gaadicdn.com/processedimages/thunderbolt/thunderbolt-electra/204X134/thunderbolt-electra63fefb28cbae8.jpg?tr=h-140","https://bd.gaadicdn.com/pwa/img/spacer3x2.png"
"1678106259-16513","https://www.bikedekho.com/gemopai/ryder-supermax/specifications","Rs.79,999*","Gemopai Ryder SuperMax","https://bd.gaadicdn.com/processedimages/gemopai/ryder-supermax/204X134/ryder-supermax640065dc278d6.jpg?tr=h-140","https://bd.gaadicdn.com/pwa/img/spacer3x2.png"
"1678106261-16514","https://www.bikedekho.com/greta-electric/harper-zx-series-1/specifications","Rs.41,999*","Greta Electric Greta Harper ZX Series-I","https://bd.gaadicdn.com/processedimages/greta-electric/harper-zx-series-1/204X134/harper-zx-series-1628f6ca7484cc.jpg?tr=h-140","https://bd.gaadicdn.com/pwa/img/spacer3x2.png"
"1678106264-16515","https://www.bikedekho.com/evolet/polo/specifications","Rs.69,999*","Evolet Polo","https://bd.gaadicdn.com/processedimages/evolet/polo/204X134/v_polo-classic1572854637.jpg?tr=h-140","null"
"1678106266-16516","https://www.bikedekho.com/ola-electric/s1-pro/specifications","Rs.1.05 Lakh*","Ola S1 Pro","https://bd.gaadicdn.com/pwa/img/no-bike-web.jpg","null"
"1678106268-16517","https://www.bikedekho.com/okaya/freedum/specifications","Rs.74,900*","Okaya Freedum","https://bd.gaadicdn.com/processedimages/okaya/freedum/204X134/freedum63329c85002c0.jpg?tr=h-140","https://bd.gaadicdn.com/pwa/img/spacer3x2.png"
"1678106271-16518","https://www.bikedekho.com/ampere/zeal-ex/specifications","Rs.75,000*","Ampere Zeal EX","https://bd.gaadicdn.com/processedimages/ampere/zeal-ex/204X134/zeal-ex63e3945fb2aad.jpg?tr=h-140","https://bd.gaadicdn.com/pwa/img/spacer3x2.png"
"1678106273-16519","https://www.bikedekho.com/grp-ev/11-mini/specifications","Rs.74,500*","GRP EV 11 Mini","https://bd.gaadicdn.com/processedimages/grp-ev/11-mini/204X134/11-mini61fd1bda44fba.jpg?tr=h-140","null"
"1678106275-16520","https://www.bikedekho.com/birla-e-bike/birla-spark/specifications","Rs.69,182 - 1.01 Lakh*","Birla Spark","https://bd.gaadicdn.com/processedimages/birla-e-bike/birla-spark/204X134/birla-spark63086b5aab0fe.jpg?tr=h-140","https://bd.gaadicdn.com/pwa/img/spacer3x2.png"
"1678106278-16521","https://www.bikedekho.com/grp-ev/11-maxx/specifications","Rs.82,000*","GRP EV 11 Maxx","https://bd.gaadicdn.com/processedimages/grp-ev/11-maxx/204X134/11-maxx61fd1bbc631ea.jpg?tr=h-140","null"
"1678106280-16522","https://www.bikedekho.com/stella/sa1000/specifications","Rs.68,000 - 75,000*","Stella Automobili SA 1000","https://bd.gaadicdn.com/processedimages/stella/sa1000/204X134/sa10005fb613d802f81.jpg?tr=h-140","https://bd.gaadicdn.com/pwa/img/spacer3x2.png"
"1678106283-16523","https://www.bikedekho.com/fidato-evtech/loder/specifications","Rs.83,490*","Fidato Evtech Loder","https://bd.gaadicdn.com/processedimages/fidato-evtech/loder/204X134/loder622efddf78360.jpg?tr=h-140","https://bd.gaadicdn.com/pwa/img/spacer3x2.png"
"1678106285-16524","https://www.bikedekho.com/hero-electric/eddy/specifications","Rs.72,000*","Hero Electric Eddy","https://bd.gaadicdn.com/processedimages/hero-electric/eddy/204X134/eddy6241503585f23.jpg?tr=h-140","https://bd.gaadicdn.com/pwa/img/spacer3x2.png"
"1678106287-16525","https://www.bikedekho.com/zelio/gracy-i/specifications","Rs.56,825 - 59,755*","Zelio Gracy i","https://bd.gaadicdn.com/processedimages/zelio/gracy-i/204X134/gracy-i6219d5ef18bd9.jpg?tr=h-140","https://bd.gaadicdn.com/pwa/img/spacer3x2.png"
"1678106290-16526","https://www.bikedekho.com/zelio/gracy/specifications","Rs.56,675 - 59,755*","Zelio Gracy","https://bd.gaadicdn.com/processedimages/zelio/gracy/204X134/gracy6219d52a86ee6.jpg?tr=h-140","https://bd.gaadicdn.com/pwa/img/spacer3x2.png"
"1678106292-16527","https://www.bikedekho.com/joy-e/gen-nxt-nanu-plus/specifications","Rs.1.12 Lakh*","Joy e-bike Gen Next Nanu Plus","https://bd.gaadicdn.com/processedimages/joye-bike/gen-nxt-nanu-plus/204X134/gen-nxt-nanu-plus620b32f9da0ca.jpg?tr=h-140","https://bd.gaadicdn.com/pwa/img/spacer3x2.png"
"1678106295-16528","https://www.bikedekho.com/joy-e/wolfplus/specifications","Rs.1.16 Lakh*","Joy e-bike Wolf Plus","https://bd.gaadicdn.com/processedimages/joye-bike/wolfplus/204X134/wolfplus620b30dcbe9f1.jpg?tr=h-140","https://bd.gaadicdn.com/pwa/img/spacer3x2.png"
"1678106297-16529","https://www.bikedekho.com/kabira-mobility/hermes-75/specifications","Rs.89,600*","Kabira Hermes 75","https://bd.gaadicdn.com/processedimages/kabira-mobility/hermes-75/204X134/hermes-75607533fd4ede5.jpg?tr=h-140","https://bd.gaadicdn.com/pwa/img/spacer3x2.png"
"1678106299-16530","https://www.bikedekho.com/grp-ev/11-pro/specifications","Rs.84,000*","GRP EV 11 Pro","https://bd.gaadicdn.com/processedimages/grp-ev/11-pro/204X134/11-pro61fd1bdf6668a.jpg?tr=h-140","null"
"1678106302-16531","https://www.bikedekho.com/kabira-mobility/kollegio-neo/specifications","Rs.55,790*","Kabira Mobility Kollegio Neo","https://bd.gaadicdn.com/processedimages/kabira-mobility/kollegio-neo/204X134/kollegio-neo60596dc2bf1b9.jpg?tr=h-140","https://bd.gaadicdn.com/pwa/img/spacer3x2.png"
